"","oracle_acc","edge_prob","human_shd_mean","human_sid_mean","human_shd_sd","human_sid_sd"
"1",0.8,0.7,10.6666666666667,41,2.02758751009941,7.93725393319377
"2",0.9,0.7,10,42.3333333333333,1.15470053837925,2.02758751009941
"3",0.8,0.8,18.3333333333333,55,0.881917103688197,3.21455025366432
"4",0.9,0.8,14.6666666666667,35,2.02758751009941,6
"5",0.8,0.9,11.6666666666667,35,1.76383420737639,2.88675134594813
"6",0.9,0.9,15,41.3333333333333,4.50924975282289,10.8985218161812
