"","oracle_acc","edge_prob","mean_shd_human","mean_shd_hc","std_error_human","std_error_hc"
"1",0.1,0.1,4.97,5.48,0.317010977090636,0.341263250381001
"2",0.1,0.4,22.4,20.38,0.55686713864351,0.814363480755294
"3",0.1,0.7,34.34,39.77,0.514088386064954,0.846246018148578
"4",0.4,0.1,3.29,5.88,0.276812666843937,0.320441614467953
"5",0.4,0.4,15.47,19.66,0.407370230933122,0.833662965108766
"6",0.4,0.7,23.58,37.13,0.477192970728961,0.836618373591151
"7",0.7,0.1,1.97,5.5,0.174919895086207,0.339488623156248
"8",0.7,0.4,8.35,19.95,0.320786596359699,0.751480021173033
"9",0.7,0.7,13.09,38.41,0.320383293174683,0.862471782586292
