"","oracle_acc","edge_prob","mean_shd_human","mean_shd_hc","std_error_human","std_error_hc"
"1",0.1,0.1,5.04,6.11,0.294707524933662,0.351014402996674
"2",0.1,0.4,21.22,21.51,0.635733887532807,0.83478600657155
"3",0.1,0.7,33.14,36.5,0.520687191618107,0.912372863704441
"4",0.4,0.1,2.89,5.92,0.235657258395203,0.337453326364917
"5",0.4,0.4,13.84,20.48,0.499640274638068,0.869979681638972
"6",0.4,0.7,23.3,39.22,0.462645008662586,0.822852883987696
"7",0.7,0.1,1.6,5.5,0.163916707106649,0.293188669562103
"8",0.7,0.4,7.42,20,0.364921466575586,0.812901027683002
"9",0.7,0.7,14.46,37.65,0.439333747183325,0.830403942109325
